source_url,target_url,status_code,include_subdomains,subpath_matching,preserve_query_string,preserve_path_suffix
https://saasseo.com/,https://www.mv3marketing.com/,301,true,false,true,false
https://saasseo.com/abm-advertising-agency/,https://www.mv3marketing.com/abm-agency/,301,true,false,true,false
https://saasseo.com/abm/,https://www.mv3marketing.com/abm-agency/,301,true,false,true,false
https://saasseo.com/about-us/,https://www.mv3marketing.com/about/,301,true,false,true,false
https://saasseo.com/accessibility/,https://www.mv3marketing.com/,301,true,false,true,false
https://saasseo.com/ai-automation-articles/,https://www.mv3marketing.com/ai-automation/,301,true,false,true,false
https://saasseo.com/ai-automation/,https://www.mv3marketing.com/ai-automation/,301,true,false,true,false
https://saasseo.com/audio-advertising/,https://www.mv3marketing.com/services/paid-media/,301,true,false,true,false
https://saasseo.com/audit-seo-saas/,https://www.mv3marketing.com/technical-seo-audit/,301,true,false,true,false
https://saasseo.com/blog/,https://www.mv3marketing.com/blog/,301,true,false,true,false
https://saasseo.com/book/,https://www.mv3marketing.com/book/,301,true,false,true,false
https://saasseo.com/case-studies/,https://www.mv3marketing.com/case-studies/,301,true,false,true,false
https://saasseo.com/case-study-results/,https://www.mv3marketing.com/case-studies/,301,true,false,true,false
https://saasseo.com/case-study/,https://www.mv3marketing.com/case-studies/,301,true,false,true,false
https://saasseo.com/clients/,https://www.mv3marketing.com/case-studies/,301,true,false,true,false
https://saasseo.com/contact-us/,https://www.mv3marketing.com/contact-us/,301,true,false,true,false
https://saasseo.com/contact/,https://www.mv3marketing.com/contact-us/,301,true,false,true,false
https://saasseo.com/content-marketing/,https://www.mv3marketing.com/content-marketing/,301,true,false,true,false
https://saasseo.com/cookie-policy/,https://www.mv3marketing.com/,301,true,false,true,false
https://saasseo.com/digital-ooh-advertising/,https://www.mv3marketing.com/services/paid-media/,301,true,false,true,false
https://saasseo.com/digital-pr-agency/,https://www.mv3marketing.com/digital-pr/,301,true,false,true,false
https://saasseo.com/digital-pr-articles/,https://www.mv3marketing.com/digital-pr/,301,true,false,true,false
https://saasseo.com/digital-pr/,https://www.mv3marketing.com/digital-pr/,301,true,false,true,false
https://saasseo.com/display-advertising/,https://www.mv3marketing.com/services/paid-media/,301,true,false,true,false
https://saasseo.com/do-not-sell-my-information/,https://www.mv3marketing.com/,301,true,false,true,false
https://saasseo.com/geo-audit/,https://www.mv3marketing.com/geo-audit/,301,true,false,true,false
https://saasseo.com/geo-optimization-for-saas/,https://www.mv3marketing.com/services/seo/aeo/,301,true,false,true,false
https://saasseo.com/glossary/,https://www.mv3marketing.com/glossary/,301,true,false,true,false
https://saasseo.com/guide/,https://www.mv3marketing.com/resources/,301,true,false,true,false
https://saasseo.com/holiday-marketing/,https://www.mv3marketing.com/services/paid-media/,301,true,false,true,false
https://saasseo.com/in-game-advertising/,https://www.mv3marketing.com/services/paid-media/,301,true,false,true,false
https://saasseo.com/native-advertising/,https://www.mv3marketing.com/services/paid-media/,301,true,false,true,false
https://saasseo.com/news/,https://www.mv3marketing.com/blog/,301,true,false,true,false
https://saasseo.com/optimized-website-architecture/,https://www.mv3marketing.com/technical-seo/,301,true,false,true,false
https://saasseo.com/paid-advertising/,https://www.mv3marketing.com/services/paid-media/,301,true,false,true,false
https://saasseo.com/partners/,https://www.mv3marketing.com/agency-partnership/,301,true,false,true,false
https://saasseo.com/pricing/,https://www.mv3marketing.com/pricing/,301,true,false,true,false
https://saasseo.com/privacy-policy/,https://www.mv3marketing.com/,301,true,false,true,false
https://saasseo.com/results/,https://www.mv3marketing.com/results/,301,true,false,true,false
https://saasseo.com/saas-abm-marketing/,https://www.mv3marketing.com/abm-agency/,301,true,false,true,false
https://saasseo.com/saas-content-marketing-strategy/,https://www.mv3marketing.com/content-marketing/,301,true,false,true,false
https://saasseo.com/saas-content/,https://www.mv3marketing.com/content-marketing/,301,true,false,true,false
https://saasseo.com/saas-growth/,https://www.mv3marketing.com/services/,301,true,false,true,false
https://saasseo.com/saas-keyword-research/,https://www.mv3marketing.com/services/seo/,301,true,false,true,false
https://saasseo.com/saas-link-building-agency/,https://www.mv3marketing.com/digital-pr/,301,true,false,true,false
https://saasseo.com/saas-linkbuilding-agency-why-you-need-one-now/,https://www.mv3marketing.com/digital-pr/,301,true,false,true,false
https://saasseo.com/saas-marketing-plan/,https://www.mv3marketing.com/services/,301,true,false,true,false
https://saasseo.com/saas-marketing-tools/,https://www.mv3marketing.com/blog/,301,true,false,true,false
https://saasseo.com/saas-organic-growth-ai-powered-seo/,https://www.mv3marketing.com/ai-seo-agency/,301,true,false,true,false
https://saasseo.com/saas-ppc-agency/,https://www.mv3marketing.com/ppc-management/,301,true,false,true,false
https://saasseo.com/saas-ppc/,https://www.mv3marketing.com/ppc-management/,301,true,false,true,false
https://saasseo.com/saas-seo-agency/,https://www.mv3marketing.com/ai-seo-agency/,301,true,false,true,false
https://saasseo.com/saas-seo-consultant/,https://www.mv3marketing.com/ai-seo-agency/,301,true,false,true,false
https://saasseo.com/saas-seo-guide/,https://www.mv3marketing.com/services/seo/,301,true,false,true,false
https://saasseo.com/saas-seo-strategy/,https://www.mv3marketing.com/services/seo/,301,true,false,true,false
https://saasseo.com/saas-seo-tools/,https://www.mv3marketing.com/blog/,301,true,false,true,false
https://saasseo.com/saas-seo/,https://www.mv3marketing.com/ai-seo-agency/,301,true,false,true,false
https://saasseo.com/saas-technical-seo/,https://www.mv3marketing.com/technical-seo/,301,true,false,true,false
https://saasseo.com/saas-website-migration/,https://www.mv3marketing.com/site-migrations/,301,true,false,true,false
https://saasseo.com/schedule-demo/,https://www.mv3marketing.com/book/,301,true,false,true,false
https://saasseo.com/seo-consultancy/,https://www.mv3marketing.com/ai-seo-agency/,301,true,false,true,false
https://saasseo.com/seo-geo/,https://www.mv3marketing.com/services/seo/aeo/,301,true,false,true,false
https://saasseo.com/seo-management-services/,https://www.mv3marketing.com/seo-services/,301,true,false,true,false
https://saasseo.com/seo/,https://www.mv3marketing.com/services/seo/,301,true,false,true,false
https://saasseo.com/services/,https://www.mv3marketing.com/services/,301,true,false,true,false
https://saasseo.com/glossary/301-redirect/,https://www.mv3marketing.com/glossary/301-redirect/,301,true,false,true,false
https://saasseo.com/glossary/account-based-experience/,https://www.mv3marketing.com/glossary/account-based-experience/,301,true,false,true,false
https://saasseo.com/glossary/account-based-marketing/,https://www.mv3marketing.com/glossary/account-based-marketing/,301,true,false,true,false
https://saasseo.com/glossary/account-penetration/,https://www.mv3marketing.com/glossary/account-penetration/,301,true,false,true,false
https://saasseo.com/glossary/account-scoring/,https://www.mv3marketing.com/glossary/account-scoring/,301,true,false,true,false
https://saasseo.com/glossary/ad-extensions/,https://www.mv3marketing.com/glossary/ad-extensions/,301,true,false,true,false
https://saasseo.com/glossary/ad-rank/,https://www.mv3marketing.com/glossary/ad-rank/,301,true,false,true,false
https://saasseo.com/glossary/aeo/,https://www.mv3marketing.com/glossary/aeo/,301,true,false,true,false
https://saasseo.com/glossary/anchor-text/,https://www.mv3marketing.com/glossary/anchor-text/,301,true,false,true,false
https://saasseo.com/glossary/annual-recurring-revenue/,https://www.mv3marketing.com/glossary/annual-recurring-revenue/,301,true,false,true,false
https://saasseo.com/glossary/average-contract-value/,https://www.mv3marketing.com/glossary/average-contract-value/,301,true,false,true,false
https://saasseo.com/glossary/backlink-profile/,https://www.mv3marketing.com/glossary/backlink-profile/,301,true,false,true,false
https://saasseo.com/glossary/broken-link-building/,https://www.mv3marketing.com/glossary/broken-link-building/,301,true,false,true,false
https://saasseo.com/glossary/buyer-persona/,https://www.mv3marketing.com/glossary/buyer-persona/,301,true,false,true,false
https://saasseo.com/glossary/buying-committee/,https://www.mv3marketing.com/glossary/buying-committee/,301,true,false,true,false
https://saasseo.com/glossary/cac/,https://www.mv3marketing.com/glossary/cac/,301,true,false,true,false
https://saasseo.com/glossary/churn-rate/,https://www.mv3marketing.com/glossary/churn-rate/,301,true,false,true,false
https://saasseo.com/glossary/core-web-vitals/,https://www.mv3marketing.com/glossary/core-web-vitals/,301,true,false,true,false
https://saasseo.com/glossary/customer-effort-score/,https://www.mv3marketing.com/glossary/customer-effort-score/,301,true,false,true,false
https://saasseo.com/glossary/dark-funnel/,https://www.mv3marketing.com/glossary/dark-funnel/,301,true,false,true,false
https://saasseo.com/glossary/demand-generation/,https://www.mv3marketing.com/glossary/demand-generation/,301,true,false,true,false
https://saasseo.com/glossary/digital-pr/,https://www.mv3marketing.com/glossary/digital-pr/,301,true,false,true,false
https://saasseo.com/glossary/e-e-a-t/,https://www.mv3marketing.com/glossary/e-e-a-t/,301,true,false,true,false
https://saasseo.com/glossary/email-deliverability/,https://www.mv3marketing.com/glossary/email-deliverability/,301,true,false,true,false
https://saasseo.com/glossary/entity-seo/,https://www.mv3marketing.com/glossary/entity-seo/,301,true,false,true,false
https://saasseo.com/glossary/expansion-revenue/,https://www.mv3marketing.com/glossary/expansion-revenue/,301,true,false,true,false
https://saasseo.com/glossary/faceted-navigation/,https://www.mv3marketing.com/glossary/faceted-navigation/,301,true,false,true,false
https://saasseo.com/glossary/frequency-capping/,https://www.mv3marketing.com/glossary/frequency-capping/,301,true,false,true,false
https://saasseo.com/glossary/geo/,https://www.mv3marketing.com/glossary/geo/,301,true,false,true,false
https://saasseo.com/glossary/google-search-console/,https://www.mv3marketing.com/glossary/google-search-console/,301,true,false,true,false
https://saasseo.com/glossary/guest-posting/,https://www.mv3marketing.com/glossary/guest-posting/,301,true,false,true,false
https://saasseo.com/glossary/hreflang/,https://www.mv3marketing.com/glossary/hreflang/,301,true,false,true,false
https://saasseo.com/glossary/keyword-clustering/,https://www.mv3marketing.com/glossary/keyword-clustering/,301,true,false,true,false
https://saasseo.com/glossary/knowledge-panel-optimization/,https://www.mv3marketing.com/glossary/knowledge-panel-optimization/,301,true,false,true,false
https://saasseo.com/glossary/lead-scoring/,https://www.mv3marketing.com/glossary/lead-scoring/,301,true,false,true,false
https://saasseo.com/glossary/linkedin-message-ads/,https://www.mv3marketing.com/glossary/linkedin-message-ads/,301,true,false,true,false
https://saasseo.com/glossary/llmo/,https://www.mv3marketing.com/glossary/llmo/,301,true,false,true,false
https://saasseo.com/glossary/log-file-analysis/,https://www.mv3marketing.com/glossary/log-file-analysis/,301,true,false,true,false
https://saasseo.com/glossary/logo-churn/,https://www.mv3marketing.com/glossary/logo-churn/,301,true,false,true,false
https://saasseo.com/glossary/ltv/,https://www.mv3marketing.com/glossary/ltv/,301,true,false,true,false
https://saasseo.com/glossary/multi-touch-attribution/,https://www.mv3marketing.com/glossary/multi-touch-attribution/,301,true,false,true,false
https://saasseo.com/glossary/navigational-intent/,https://www.mv3marketing.com/glossary/navigational-intent/,301,true,false,true,false
https://saasseo.com/glossary/newsjacking/,https://www.mv3marketing.com/glossary/newsjacking/,301,true,false,true,false
https://saasseo.com/glossary/paid-social/,https://www.mv3marketing.com/glossary/paid-social/,301,true,false,true,false
https://saasseo.com/glossary/pillar-page/,https://www.mv3marketing.com/glossary/pillar-page/,301,true,false,true,false
https://saasseo.com/glossary/product-led-growth/,https://www.mv3marketing.com/glossary/product-led-growth/,301,true,false,true,false
https://saasseo.com/glossary/product-market-fit/,https://www.mv3marketing.com/glossary/product-market-fit/,301,true,false,true,false
https://saasseo.com/glossary/product-qualified-lead/,https://www.mv3marketing.com/glossary/product-qualified-lead/,301,true,false,true,false
https://saasseo.com/glossary/programmatic-advertising/,https://www.mv3marketing.com/glossary/programmatic-advertising/,301,true,false,true,false
https://saasseo.com/glossary/prompt-engineering/,https://www.mv3marketing.com/glossary/prompt-engineering/,301,true,false,true,false
https://saasseo.com/glossary/responsive-display-ads/,https://www.mv3marketing.com/glossary/responsive-display-ads/,301,true,false,true,false
https://saasseo.com/glossary/revenue-intelligence/,https://www.mv3marketing.com/glossary/revenue-intelligence/,301,true,false,true,false
https://saasseo.com/glossary/rich-snippets/,https://www.mv3marketing.com/glossary/rich-snippets/,301,true,false,true,false
https://saasseo.com/glossary/rlsa-remarketing/,https://www.mv3marketing.com/glossary/rlsa-remarketing/,301,true,false,true,false
https://saasseo.com/glossary/sales-cycle-length/,https://www.mv3marketing.com/glossary/sales-cycle-length/,301,true,false,true,false
https://saasseo.com/glossary/sales-qualified-lead/,https://www.mv3marketing.com/glossary/sales-qualified-lead/,301,true,false,true,false
https://saasseo.com/glossary/schema-markup/,https://www.mv3marketing.com/glossary/schema-markup/,301,true,false,true,false
https://saasseo.com/glossary/search-intent/,https://www.mv3marketing.com/glossary/search-intent/,301,true,false,true,false
https://saasseo.com/glossary/seo-audit/,https://www.mv3marketing.com/glossary/seo-audit/,301,true,false,true,false
https://saasseo.com/glossary/serp-features/,https://www.mv3marketing.com/glossary/serp-features/,301,true,false,true,false
https://saasseo.com/glossary/sponsored-content/,https://www.mv3marketing.com/glossary/sponsored-content/,301,true,false,true,false
https://saasseo.com/glossary/thought-leadership/,https://www.mv3marketing.com/glossary/thought-leadership/,301,true,false,true,false
https://saasseo.com/glossary/topical-authority/,https://www.mv3marketing.com/glossary/topical-authority/,301,true,false,true,false
https://saasseo.com/glossary/vector-database/,https://www.mv3marketing.com/glossary/vector-database/,301,true,false,true,false
https://saasseo.com/glossary/programmatic-seo/,https://www.mv3marketing.com/programmatic-seo/,301,true,false,true,false
https://saasseo.com/glossary/technical-seo-audit/,https://www.mv3marketing.com/technical-seo-audit/,301,true,false,true,false
https://saasseo.com/glossary/abm/,https://www.mv3marketing.com/glossary/account-based-marketing/,301,true,false,true,false
https://saasseo.com/glossary/account-based-advertising/,https://www.mv3marketing.com/glossary/account-based-marketing/,301,true,false,true,false
https://saasseo.com/glossary/ai-citation/,https://www.mv3marketing.com/glossary/ai-citation-optimization/,301,true,false,true,false
https://saasseo.com/glossary/ai-content-generation/,https://www.mv3marketing.com/glossary/ai-content/,301,true,false,true,false
https://saasseo.com/glossary/alt-text/,https://www.mv3marketing.com/glossary/alt-text-seo/,301,true,false,true,false
https://saasseo.com/glossary/broad-match/,https://www.mv3marketing.com/glossary/broad-match-keyword/,301,true,false,true,false
https://saasseo.com/glossary/cac-payback-period/,https://www.mv3marketing.com/glossary/payback-period/,301,true,false,true,false
https://saasseo.com/glossary/canonical-tag/,https://www.mv3marketing.com/glossary/canonical/,301,true,false,true,false
https://saasseo.com/glossary/churn-prediction/,https://www.mv3marketing.com/glossary/churn-prevention/,301,true,false,true,false
https://saasseo.com/glossary/competitive-backlink-analysis/,https://www.mv3marketing.com/glossary/competitive-analysis/,301,true,false,true,false
https://saasseo.com/glossary/competitor-analysis-seo/,https://www.mv3marketing.com/glossary/competitor-seo-analysis/,301,true,false,true,false
https://saasseo.com/glossary/cost-per-acquisition-cpa/,https://www.mv3marketing.com/glossary/cost-per-acquisition/,301,true,false,true,false
https://saasseo.com/glossary/cost-per-click-cpc/,https://www.mv3marketing.com/glossary/cost-per-click/,301,true,false,true,false
https://saasseo.com/glossary/cost-per-lead-cpl/,https://www.mv3marketing.com/glossary/cost-per-lead/,301,true,false,true,false
https://saasseo.com/glossary/crawl-depth/,https://www.mv3marketing.com/glossary/crawl-budget/,301,true,false,true,false
https://saasseo.com/glossary/customer-journey-abm/,https://www.mv3marketing.com/glossary/customer-journey/,301,true,false,true,false
https://saasseo.com/glossary/customer-match-ads/,https://www.mv3marketing.com/glossary/customer-match/,301,true,false,true,false
https://saasseo.com/glossary/display-retargeting/,https://www.mv3marketing.com/glossary/retargeting/,301,true,false,true,false
https://saasseo.com/glossary/ecpc-enhanced-cpc/,https://www.mv3marketing.com/glossary/enhanced-cpc/,301,true,false,true,false
https://saasseo.com/glossary/geo-generative-engine-optimization/,https://www.mv3marketing.com/glossary/geo/,301,true,false,true,false
https://saasseo.com/glossary/google-algorithm-updates/,https://www.mv3marketing.com/glossary/google-algorithm-update/,301,true,false,true,false
https://saasseo.com/glossary/gsc-google-search-console/,https://www.mv3marketing.com/glossary/google-search-console/,301,true,false,true,false
https://saasseo.com/glossary/helpful-content/,https://www.mv3marketing.com/glossary/helpful-content-update/,301,true,false,true,false
https://saasseo.com/glossary/icp/,https://www.mv3marketing.com/glossary/icp-ideal-customer-profile/,301,true,false,true,false
https://saasseo.com/glossary/ideal-customer-profile/,https://www.mv3marketing.com/glossary/icp-ideal-customer-profile/,301,true,false,true,false
https://saasseo.com/glossary/in-market-accounts/,https://www.mv3marketing.com/glossary/in-market-audiences/,301,true,false,true,false
https://saasseo.com/glossary/indexability/,https://www.mv3marketing.com/glossary/index-coverage/,301,true,false,true,false
https://saasseo.com/glossary/nrr/,https://www.mv3marketing.com/glossary/net-revenue-retention/,301,true,false,true,false
https://saasseo.com/glossary/pay-per-click/,https://www.mv3marketing.com/glossary/ppc/,301,true,false,true,false
https://saasseo.com/glossary/press-release/,https://www.mv3marketing.com/glossary/press-release-distribution/,301,true,false,true,false
https://saasseo.com/glossary/quality-score-improvement/,https://www.mv3marketing.com/glossary/quality-score/,301,true,false,true,false
https://saasseo.com/glossary/rag-retrieval-augmented-generation/,https://www.mv3marketing.com/glossary/retrieval-augmented-generation/,301,true,false,true,false
https://saasseo.com/glossary/retargeting-window/,https://www.mv3marketing.com/glossary/retargeting/,301,true,false,true,false
https://saasseo.com/glossary/return-on-ad-spend/,https://www.mv3marketing.com/glossary/roas/,301,true,false,true,false
https://saasseo.com/glossary/sales-cycle-abm/,https://www.mv3marketing.com/glossary/sales-cycle/,301,true,false,true,false
https://saasseo.com/glossary/tam-total-addressable-market/,https://www.mv3marketing.com/glossary/tam-sam-som/,301,true,false,true,false
