source,target,tier,note
https://saasseo.com/,https://www.mv3marketing.com/,1-page,hand-mapped by search intent
https://saasseo.com/abm-advertising-agency/,https://www.mv3marketing.com/abm-agency/,1-page,hand-mapped by search intent
https://saasseo.com/abm/,https://www.mv3marketing.com/abm-agency/,1-page,hand-mapped by search intent
https://saasseo.com/about-us/,https://www.mv3marketing.com/about/,1-page,hand-mapped by search intent
https://saasseo.com/accessibility/,https://www.mv3marketing.com/,1-page,hand-mapped by search intent
https://saasseo.com/ai-automation-articles/,https://www.mv3marketing.com/ai-automation/,1-page,hand-mapped by search intent
https://saasseo.com/ai-automation/,https://www.mv3marketing.com/ai-automation/,1-page,hand-mapped by search intent
https://saasseo.com/audio-advertising/,https://www.mv3marketing.com/services/paid-media/,1-page,hand-mapped by search intent
https://saasseo.com/audit-seo-saas/,https://www.mv3marketing.com/technical-seo-audit/,1-page,hand-mapped by search intent
https://saasseo.com/blog/,https://www.mv3marketing.com/blog/,1-page,hand-mapped by search intent
https://saasseo.com/book/,https://www.mv3marketing.com/book/,1-page,hand-mapped by search intent
https://saasseo.com/case-studies/,https://www.mv3marketing.com/case-studies/,1-page,hand-mapped by search intent
https://saasseo.com/case-study-results/,https://www.mv3marketing.com/case-studies/,1-page,hand-mapped by search intent
https://saasseo.com/case-study/,https://www.mv3marketing.com/case-studies/,1-page,hand-mapped by search intent
https://saasseo.com/clients/,https://www.mv3marketing.com/case-studies/,1-page,hand-mapped by search intent
https://saasseo.com/contact-us/,https://www.mv3marketing.com/contact-us/,1-page,hand-mapped by search intent
https://saasseo.com/contact/,https://www.mv3marketing.com/contact-us/,1-page,hand-mapped by search intent
https://saasseo.com/content-marketing/,https://www.mv3marketing.com/content-marketing/,1-page,hand-mapped by search intent
https://saasseo.com/cookie-policy/,https://www.mv3marketing.com/,1-page,hand-mapped by search intent
https://saasseo.com/digital-ooh-advertising/,https://www.mv3marketing.com/services/paid-media/,1-page,hand-mapped by search intent
https://saasseo.com/digital-pr-agency/,https://www.mv3marketing.com/digital-pr/,1-page,hand-mapped by search intent
https://saasseo.com/digital-pr-articles/,https://www.mv3marketing.com/digital-pr/,1-page,hand-mapped by search intent
https://saasseo.com/digital-pr/,https://www.mv3marketing.com/digital-pr/,1-page,hand-mapped by search intent
https://saasseo.com/display-advertising/,https://www.mv3marketing.com/services/paid-media/,1-page,hand-mapped by search intent
https://saasseo.com/do-not-sell-my-information/,https://www.mv3marketing.com/,1-page,hand-mapped by search intent
https://saasseo.com/geo-audit/,https://www.mv3marketing.com/geo-audit/,1-page,hand-mapped by search intent
https://saasseo.com/geo-optimization-for-saas/,https://www.mv3marketing.com/services/seo/aeo/,1-page,hand-mapped by search intent
https://saasseo.com/glossary/,https://www.mv3marketing.com/glossary/,1-page,hand-mapped by search intent
https://saasseo.com/guide/,https://www.mv3marketing.com/resources/,1-page,hand-mapped by search intent
https://saasseo.com/holiday-marketing/,https://www.mv3marketing.com/services/paid-media/,1-page,hand-mapped by search intent
https://saasseo.com/in-game-advertising/,https://www.mv3marketing.com/services/paid-media/,1-page,hand-mapped by search intent
https://saasseo.com/native-advertising/,https://www.mv3marketing.com/services/paid-media/,1-page,hand-mapped by search intent
https://saasseo.com/news/,https://www.mv3marketing.com/blog/,1-page,hand-mapped by search intent
https://saasseo.com/optimized-website-architecture/,https://www.mv3marketing.com/technical-seo/,1-page,hand-mapped by search intent
https://saasseo.com/paid-advertising/,https://www.mv3marketing.com/services/paid-media/,1-page,hand-mapped by search intent
https://saasseo.com/partners/,https://www.mv3marketing.com/agency-partnership/,1-page,hand-mapped by search intent
https://saasseo.com/pricing/,https://www.mv3marketing.com/pricing/,1-page,hand-mapped by search intent
https://saasseo.com/privacy-policy/,https://www.mv3marketing.com/,1-page,hand-mapped by search intent
https://saasseo.com/results/,https://www.mv3marketing.com/results/,1-page,hand-mapped by search intent
https://saasseo.com/saas-abm-marketing/,https://www.mv3marketing.com/abm-agency/,1-page,hand-mapped by search intent
https://saasseo.com/saas-content-marketing-strategy/,https://www.mv3marketing.com/content-marketing/,1-page,hand-mapped by search intent
https://saasseo.com/saas-content/,https://www.mv3marketing.com/content-marketing/,1-page,hand-mapped by search intent
https://saasseo.com/saas-growth/,https://www.mv3marketing.com/services/,1-page,hand-mapped by search intent
https://saasseo.com/saas-keyword-research/,https://www.mv3marketing.com/services/seo/,1-page,hand-mapped by search intent
https://saasseo.com/saas-link-building-agency/,https://www.mv3marketing.com/digital-pr/,1-page,hand-mapped by search intent
https://saasseo.com/saas-linkbuilding-agency-why-you-need-one-now/,https://www.mv3marketing.com/digital-pr/,1-page,hand-mapped by search intent
https://saasseo.com/saas-marketing-plan/,https://www.mv3marketing.com/services/,1-page,hand-mapped by search intent
https://saasseo.com/saas-marketing-tools/,https://www.mv3marketing.com/blog/,1-page,hand-mapped by search intent
https://saasseo.com/saas-organic-growth-ai-powered-seo/,https://www.mv3marketing.com/ai-seo-agency/,1-page,hand-mapped by search intent
https://saasseo.com/saas-ppc-agency/,https://www.mv3marketing.com/ppc-management/,1-page,hand-mapped by search intent
https://saasseo.com/saas-ppc/,https://www.mv3marketing.com/ppc-management/,1-page,hand-mapped by search intent
https://saasseo.com/saas-seo-agency/,https://www.mv3marketing.com/ai-seo-agency/,1-page,hand-mapped by search intent
https://saasseo.com/saas-seo-consultant/,https://www.mv3marketing.com/ai-seo-agency/,1-page,hand-mapped by search intent
https://saasseo.com/saas-seo-guide/,https://www.mv3marketing.com/services/seo/,1-page,hand-mapped by search intent
https://saasseo.com/saas-seo-strategy/,https://www.mv3marketing.com/services/seo/,1-page,hand-mapped by search intent
https://saasseo.com/saas-seo-tools/,https://www.mv3marketing.com/blog/,1-page,hand-mapped by search intent
https://saasseo.com/saas-seo/,https://www.mv3marketing.com/ai-seo-agency/,1-page,hand-mapped by search intent
https://saasseo.com/saas-technical-seo/,https://www.mv3marketing.com/technical-seo/,1-page,hand-mapped by search intent
https://saasseo.com/saas-website-migration/,https://www.mv3marketing.com/site-migrations/,1-page,hand-mapped by search intent
https://saasseo.com/schedule-demo/,https://www.mv3marketing.com/book/,1-page,hand-mapped by search intent
https://saasseo.com/seo-consultancy/,https://www.mv3marketing.com/ai-seo-agency/,1-page,hand-mapped by search intent
https://saasseo.com/seo-geo/,https://www.mv3marketing.com/services/seo/aeo/,1-page,hand-mapped by search intent
https://saasseo.com/seo-management-services/,https://www.mv3marketing.com/seo-services/,1-page,hand-mapped by search intent
https://saasseo.com/seo/,https://www.mv3marketing.com/services/seo/,1-page,hand-mapped by search intent
https://saasseo.com/services/,https://www.mv3marketing.com/services/,1-page,hand-mapped by search intent
https://saasseo.com/glossary/301-redirect/,https://www.mv3marketing.com/glossary/301-redirect/,2-glossary-exact,identical slug exists on MV3
https://saasseo.com/glossary/account-based-experience/,https://www.mv3marketing.com/glossary/account-based-experience/,2-glossary-exact,identical slug exists on MV3
https://saasseo.com/glossary/account-based-marketing/,https://www.mv3marketing.com/glossary/account-based-marketing/,2-glossary-exact,identical slug exists on MV3
https://saasseo.com/glossary/account-penetration/,https://www.mv3marketing.com/glossary/account-penetration/,2-glossary-exact,identical slug exists on MV3
https://saasseo.com/glossary/account-scoring/,https://www.mv3marketing.com/glossary/account-scoring/,2-glossary-exact,identical slug exists on MV3
https://saasseo.com/glossary/ad-extensions/,https://www.mv3marketing.com/glossary/ad-extensions/,2-glossary-exact,identical slug exists on MV3
https://saasseo.com/glossary/ad-rank/,https://www.mv3marketing.com/glossary/ad-rank/,2-glossary-exact,identical slug exists on MV3
https://saasseo.com/glossary/aeo/,https://www.mv3marketing.com/glossary/aeo/,2-glossary-exact,identical slug exists on MV3
https://saasseo.com/glossary/anchor-text/,https://www.mv3marketing.com/glossary/anchor-text/,2-glossary-exact,identical slug exists on MV3
https://saasseo.com/glossary/annual-recurring-revenue/,https://www.mv3marketing.com/glossary/annual-recurring-revenue/,2-glossary-exact,identical slug exists on MV3
https://saasseo.com/glossary/average-contract-value/,https://www.mv3marketing.com/glossary/average-contract-value/,2-glossary-exact,identical slug exists on MV3
https://saasseo.com/glossary/backlink-profile/,https://www.mv3marketing.com/glossary/backlink-profile/,2-glossary-exact,identical slug exists on MV3
https://saasseo.com/glossary/broken-link-building/,https://www.mv3marketing.com/glossary/broken-link-building/,2-glossary-exact,identical slug exists on MV3
https://saasseo.com/glossary/buyer-persona/,https://www.mv3marketing.com/glossary/buyer-persona/,2-glossary-exact,identical slug exists on MV3
https://saasseo.com/glossary/buying-committee/,https://www.mv3marketing.com/glossary/buying-committee/,2-glossary-exact,identical slug exists on MV3
https://saasseo.com/glossary/cac/,https://www.mv3marketing.com/glossary/cac/,2-glossary-exact,identical slug exists on MV3
https://saasseo.com/glossary/churn-rate/,https://www.mv3marketing.com/glossary/churn-rate/,2-glossary-exact,identical slug exists on MV3
https://saasseo.com/glossary/core-web-vitals/,https://www.mv3marketing.com/glossary/core-web-vitals/,2-glossary-exact,identical slug exists on MV3
https://saasseo.com/glossary/customer-effort-score/,https://www.mv3marketing.com/glossary/customer-effort-score/,2-glossary-exact,identical slug exists on MV3
https://saasseo.com/glossary/dark-funnel/,https://www.mv3marketing.com/glossary/dark-funnel/,2-glossary-exact,identical slug exists on MV3
https://saasseo.com/glossary/demand-generation/,https://www.mv3marketing.com/glossary/demand-generation/,2-glossary-exact,identical slug exists on MV3
https://saasseo.com/glossary/digital-pr/,https://www.mv3marketing.com/glossary/digital-pr/,2-glossary-exact,identical slug exists on MV3
https://saasseo.com/glossary/e-e-a-t/,https://www.mv3marketing.com/glossary/e-e-a-t/,2-glossary-exact,identical slug exists on MV3
https://saasseo.com/glossary/email-deliverability/,https://www.mv3marketing.com/glossary/email-deliverability/,2-glossary-exact,identical slug exists on MV3
https://saasseo.com/glossary/entity-seo/,https://www.mv3marketing.com/glossary/entity-seo/,2-glossary-exact,identical slug exists on MV3
https://saasseo.com/glossary/expansion-revenue/,https://www.mv3marketing.com/glossary/expansion-revenue/,2-glossary-exact,identical slug exists on MV3
https://saasseo.com/glossary/faceted-navigation/,https://www.mv3marketing.com/glossary/faceted-navigation/,2-glossary-exact,identical slug exists on MV3
https://saasseo.com/glossary/frequency-capping/,https://www.mv3marketing.com/glossary/frequency-capping/,2-glossary-exact,identical slug exists on MV3
https://saasseo.com/glossary/geo/,https://www.mv3marketing.com/glossary/geo/,2-glossary-exact,identical slug exists on MV3
https://saasseo.com/glossary/google-search-console/,https://www.mv3marketing.com/glossary/google-search-console/,2-glossary-exact,identical slug exists on MV3
https://saasseo.com/glossary/guest-posting/,https://www.mv3marketing.com/glossary/guest-posting/,2-glossary-exact,identical slug exists on MV3
https://saasseo.com/glossary/hreflang/,https://www.mv3marketing.com/glossary/hreflang/,2-glossary-exact,identical slug exists on MV3
https://saasseo.com/glossary/keyword-clustering/,https://www.mv3marketing.com/glossary/keyword-clustering/,2-glossary-exact,identical slug exists on MV3
https://saasseo.com/glossary/knowledge-panel-optimization/,https://www.mv3marketing.com/glossary/knowledge-panel-optimization/,2-glossary-exact,identical slug exists on MV3
https://saasseo.com/glossary/lead-scoring/,https://www.mv3marketing.com/glossary/lead-scoring/,2-glossary-exact,identical slug exists on MV3
https://saasseo.com/glossary/linkedin-message-ads/,https://www.mv3marketing.com/glossary/linkedin-message-ads/,2-glossary-exact,identical slug exists on MV3
https://saasseo.com/glossary/llmo/,https://www.mv3marketing.com/glossary/llmo/,2-glossary-exact,identical slug exists on MV3
https://saasseo.com/glossary/log-file-analysis/,https://www.mv3marketing.com/glossary/log-file-analysis/,2-glossary-exact,identical slug exists on MV3
https://saasseo.com/glossary/logo-churn/,https://www.mv3marketing.com/glossary/logo-churn/,2-glossary-exact,identical slug exists on MV3
https://saasseo.com/glossary/ltv/,https://www.mv3marketing.com/glossary/ltv/,2-glossary-exact,identical slug exists on MV3
https://saasseo.com/glossary/multi-touch-attribution/,https://www.mv3marketing.com/glossary/multi-touch-attribution/,2-glossary-exact,identical slug exists on MV3
https://saasseo.com/glossary/navigational-intent/,https://www.mv3marketing.com/glossary/navigational-intent/,2-glossary-exact,identical slug exists on MV3
https://saasseo.com/glossary/newsjacking/,https://www.mv3marketing.com/glossary/newsjacking/,2-glossary-exact,identical slug exists on MV3
https://saasseo.com/glossary/paid-social/,https://www.mv3marketing.com/glossary/paid-social/,2-glossary-exact,identical slug exists on MV3
https://saasseo.com/glossary/pillar-page/,https://www.mv3marketing.com/glossary/pillar-page/,2-glossary-exact,identical slug exists on MV3
https://saasseo.com/glossary/product-led-growth/,https://www.mv3marketing.com/glossary/product-led-growth/,2-glossary-exact,identical slug exists on MV3
https://saasseo.com/glossary/product-market-fit/,https://www.mv3marketing.com/glossary/product-market-fit/,2-glossary-exact,identical slug exists on MV3
https://saasseo.com/glossary/product-qualified-lead/,https://www.mv3marketing.com/glossary/product-qualified-lead/,2-glossary-exact,identical slug exists on MV3
https://saasseo.com/glossary/programmatic-advertising/,https://www.mv3marketing.com/glossary/programmatic-advertising/,2-glossary-exact,identical slug exists on MV3
https://saasseo.com/glossary/prompt-engineering/,https://www.mv3marketing.com/glossary/prompt-engineering/,2-glossary-exact,identical slug exists on MV3
https://saasseo.com/glossary/responsive-display-ads/,https://www.mv3marketing.com/glossary/responsive-display-ads/,2-glossary-exact,identical slug exists on MV3
https://saasseo.com/glossary/revenue-intelligence/,https://www.mv3marketing.com/glossary/revenue-intelligence/,2-glossary-exact,identical slug exists on MV3
https://saasseo.com/glossary/rich-snippets/,https://www.mv3marketing.com/glossary/rich-snippets/,2-glossary-exact,identical slug exists on MV3
https://saasseo.com/glossary/rlsa-remarketing/,https://www.mv3marketing.com/glossary/rlsa-remarketing/,2-glossary-exact,identical slug exists on MV3
https://saasseo.com/glossary/sales-cycle-length/,https://www.mv3marketing.com/glossary/sales-cycle-length/,2-glossary-exact,identical slug exists on MV3
https://saasseo.com/glossary/sales-qualified-lead/,https://www.mv3marketing.com/glossary/sales-qualified-lead/,2-glossary-exact,identical slug exists on MV3
https://saasseo.com/glossary/schema-markup/,https://www.mv3marketing.com/glossary/schema-markup/,2-glossary-exact,identical slug exists on MV3
https://saasseo.com/glossary/search-intent/,https://www.mv3marketing.com/glossary/search-intent/,2-glossary-exact,identical slug exists on MV3
https://saasseo.com/glossary/seo-audit/,https://www.mv3marketing.com/glossary/seo-audit/,2-glossary-exact,identical slug exists on MV3
https://saasseo.com/glossary/serp-features/,https://www.mv3marketing.com/glossary/serp-features/,2-glossary-exact,identical slug exists on MV3
https://saasseo.com/glossary/sponsored-content/,https://www.mv3marketing.com/glossary/sponsored-content/,2-glossary-exact,identical slug exists on MV3
https://saasseo.com/glossary/thought-leadership/,https://www.mv3marketing.com/glossary/thought-leadership/,2-glossary-exact,identical slug exists on MV3
https://saasseo.com/glossary/topical-authority/,https://www.mv3marketing.com/glossary/topical-authority/,2-glossary-exact,identical slug exists on MV3
https://saasseo.com/glossary/vector-database/,https://www.mv3marketing.com/glossary/vector-database/,2-glossary-exact,identical slug exists on MV3
https://saasseo.com/glossary/programmatic-seo/,https://www.mv3marketing.com/programmatic-seo/,2-glossary-page,term maps to a full MV3 service page
https://saasseo.com/glossary/technical-seo-audit/,https://www.mv3marketing.com/technical-seo-audit/,2-glossary-page,term maps to a full MV3 service page
https://saasseo.com/glossary/abm/,https://www.mv3marketing.com/glossary/account-based-marketing/,2-glossary-synonym,'abm' -> 'account-based-marketing'
https://saasseo.com/glossary/account-based-advertising/,https://www.mv3marketing.com/glossary/account-based-marketing/,2-glossary-synonym,'account-based-advertising' -> 'account-based-marketing'
https://saasseo.com/glossary/ai-citation/,https://www.mv3marketing.com/glossary/ai-citation-optimization/,2-glossary-synonym,'ai-citation' -> 'ai-citation-optimization'
https://saasseo.com/glossary/ai-content-generation/,https://www.mv3marketing.com/glossary/ai-content/,2-glossary-synonym,'ai-content-generation' -> 'ai-content'
https://saasseo.com/glossary/alt-text/,https://www.mv3marketing.com/glossary/alt-text-seo/,2-glossary-synonym,'alt-text' -> 'alt-text-seo'
https://saasseo.com/glossary/broad-match/,https://www.mv3marketing.com/glossary/broad-match-keyword/,2-glossary-synonym,'broad-match' -> 'broad-match-keyword'
https://saasseo.com/glossary/cac-payback-period/,https://www.mv3marketing.com/glossary/payback-period/,2-glossary-synonym,'cac-payback-period' -> 'payback-period'
https://saasseo.com/glossary/canonical-tag/,https://www.mv3marketing.com/glossary/canonical/,2-glossary-synonym,'canonical-tag' -> 'canonical'
https://saasseo.com/glossary/churn-prediction/,https://www.mv3marketing.com/glossary/churn-prevention/,2-glossary-synonym,'churn-prediction' -> 'churn-prevention'
https://saasseo.com/glossary/competitive-backlink-analysis/,https://www.mv3marketing.com/glossary/competitive-analysis/,2-glossary-synonym,'competitive-backlink-analysis' -> 'competitive-analysis'
https://saasseo.com/glossary/competitor-analysis-seo/,https://www.mv3marketing.com/glossary/competitor-seo-analysis/,2-glossary-synonym,'competitor-analysis-seo' -> 'competitor-seo-analysis'
https://saasseo.com/glossary/cost-per-acquisition-cpa/,https://www.mv3marketing.com/glossary/cost-per-acquisition/,2-glossary-synonym,'cost-per-acquisition-cpa' -> 'cost-per-acquisition'
https://saasseo.com/glossary/cost-per-click-cpc/,https://www.mv3marketing.com/glossary/cost-per-click/,2-glossary-synonym,'cost-per-click-cpc' -> 'cost-per-click'
https://saasseo.com/glossary/cost-per-lead-cpl/,https://www.mv3marketing.com/glossary/cost-per-lead/,2-glossary-synonym,'cost-per-lead-cpl' -> 'cost-per-lead'
https://saasseo.com/glossary/crawl-depth/,https://www.mv3marketing.com/glossary/crawl-budget/,2-glossary-synonym,'crawl-depth' -> 'crawl-budget'
https://saasseo.com/glossary/customer-journey-abm/,https://www.mv3marketing.com/glossary/customer-journey/,2-glossary-synonym,'customer-journey-abm' -> 'customer-journey'
https://saasseo.com/glossary/customer-match-ads/,https://www.mv3marketing.com/glossary/customer-match/,2-glossary-synonym,'customer-match-ads' -> 'customer-match'
https://saasseo.com/glossary/display-retargeting/,https://www.mv3marketing.com/glossary/retargeting/,2-glossary-synonym,'display-retargeting' -> 'retargeting'
https://saasseo.com/glossary/ecpc-enhanced-cpc/,https://www.mv3marketing.com/glossary/enhanced-cpc/,2-glossary-synonym,'ecpc-enhanced-cpc' -> 'enhanced-cpc'
https://saasseo.com/glossary/geo-generative-engine-optimization/,https://www.mv3marketing.com/glossary/geo/,2-glossary-synonym,'geo-generative-engine-optimization' -> 'geo'
https://saasseo.com/glossary/google-algorithm-updates/,https://www.mv3marketing.com/glossary/google-algorithm-update/,2-glossary-synonym,'google-algorithm-updates' -> 'google-algorithm-update'
https://saasseo.com/glossary/gsc-google-search-console/,https://www.mv3marketing.com/glossary/google-search-console/,2-glossary-synonym,'gsc-google-search-console' -> 'google-search-console'
https://saasseo.com/glossary/helpful-content/,https://www.mv3marketing.com/glossary/helpful-content-update/,2-glossary-synonym,'helpful-content' -> 'helpful-content-update'
https://saasseo.com/glossary/icp/,https://www.mv3marketing.com/glossary/icp-ideal-customer-profile/,2-glossary-synonym,'icp' -> 'icp-ideal-customer-profile'
https://saasseo.com/glossary/ideal-customer-profile/,https://www.mv3marketing.com/glossary/icp-ideal-customer-profile/,2-glossary-synonym,'ideal-customer-profile' -> 'icp-ideal-customer-profile'
https://saasseo.com/glossary/in-market-accounts/,https://www.mv3marketing.com/glossary/in-market-audiences/,2-glossary-synonym,'in-market-accounts' -> 'in-market-audiences'
https://saasseo.com/glossary/indexability/,https://www.mv3marketing.com/glossary/index-coverage/,2-glossary-synonym,'indexability' -> 'index-coverage'
https://saasseo.com/glossary/nrr/,https://www.mv3marketing.com/glossary/net-revenue-retention/,2-glossary-synonym,'nrr' -> 'net-revenue-retention'
https://saasseo.com/glossary/pay-per-click/,https://www.mv3marketing.com/glossary/ppc/,2-glossary-synonym,'pay-per-click' -> 'ppc'
https://saasseo.com/glossary/press-release/,https://www.mv3marketing.com/glossary/press-release-distribution/,2-glossary-synonym,'press-release' -> 'press-release-distribution'
https://saasseo.com/glossary/quality-score-improvement/,https://www.mv3marketing.com/glossary/quality-score/,2-glossary-synonym,'quality-score-improvement' -> 'quality-score'
https://saasseo.com/glossary/rag-retrieval-augmented-generation/,https://www.mv3marketing.com/glossary/retrieval-augmented-generation/,2-glossary-synonym,'rag-retrieval-augmented-generation' -> 'retrieval-augmented-generation'
https://saasseo.com/glossary/retargeting-window/,https://www.mv3marketing.com/glossary/retargeting/,2-glossary-synonym,'retargeting-window' -> 'retargeting'
https://saasseo.com/glossary/return-on-ad-spend/,https://www.mv3marketing.com/glossary/roas/,2-glossary-synonym,'return-on-ad-spend' -> 'roas'
https://saasseo.com/glossary/sales-cycle-abm/,https://www.mv3marketing.com/glossary/sales-cycle/,2-glossary-synonym,'sales-cycle-abm' -> 'sales-cycle'
https://saasseo.com/glossary/tam-total-addressable-market/,https://www.mv3marketing.com/glossary/tam-sam-som/,2-glossary-synonym,'tam-total-addressable-market' -> 'tam-sam-som'
